Year,Question
2021,"Discuss the importance of Third Party Auditor to ensure security in CCE, with the help of appropriate diagram."
2021,"Discuss the advantages of virtualization in CCE."
2021,"What do you mean by Compute Virtualization?"
2021,"Discuss the types of compute virtualization with appropriate diagram."
2022,"Discuss the challenges of Cloud Computing Environment."
2022,"Discuss different methods of resource provisioning and platform deployment in detail with a neat diagram."
2022,"Discuss the difference between Full virtualization and Paravirtualization."
2022,"Compare and contrast on the IAAS services provided by AWS and Microsoft Azure."
2022,"Present a comparative analysis to suggest which service provider is useful for novice users."
2022,"What are the steps involved in auditing outsourcing life cycle? Explain it briefly."
2022,"What are the advantages and challenges in terms of reliability and availability of cloud?"
2022,"Compare various task scheduling techniques in cloud environment?"
2022,"Explain NIST architecture of cloud."
2022,"Define cloud services with example."
2022,"Compare and contrast between parallel computing, distributed computing and cloud computing."
2022,"Prepare a case study to mention the current challenges existing in 'E-governance system' and the role of cloud computing to address these challenges."
2022,"What is migration in cloud? Compare various types of migration techniques supported by cloud environment."
2022,"Analyze the impact of shared resources and Multi-Tenancy on cloud app?"
2022,"What are the characteristics of cloud scheduling algorithms."
2023,"Briefly describe the early technologies that influenced the development of cloud-based businesses."
2023,"What is the main benefit of using mobile computing in cloud environments?"
2023,"Briefly describe one popular Infrastructure-as-a-Service (IaaS) provider other than Amazon Web Services (AWS)."
2023,"Briefly describe the architecture of cloud on the basis of virtual switches load balancing."
2023,"Briefly describe the EC2 feature in AWS."
2023,"What are the main benefits of using load balancing in cloud environments?"
2023,"Give an example of a Software-as-a-Service (SaaS) application that you use regularly."
2023,"Briefly describe one popular hypervisor used in virtualization."
2023,"Briefly describe the cloud issues and challenges faced in e-Governance."
2023,"What is VM Provisioning? Briefly describe its process."
2023,"Discuss the key differences among private, public, hybrid, and community cloud models."
2023,"What is a hybrid cloud? How can hybrid clouds help enterprises?"
2023,"Describe the notion of elasticity within cloud computing and highlight how it differs from scalability."
2023,"What are the main reasons for the necessity of cloud computing?"
2023,"Briefly describe the NIST characteristics of cloud computing."
2023,"List out the actors of the cloud computing environment."
2023,"Compare and contrast cloud computing with traditional on-premises computing models."
2023,"What are the benefits of using cloud computing, and how has it impacted the IT industry?"
2024,"How does scalability enhances the features of Cloud computing infrastructure?"
2024,"Distributed computing is a better option for banking services. Justify the statement."
2024,"State a real life example where an Infrastructure-as-a-Service is used."
2024,"Define Xen Hypervisor."
2024,"State at least two advantages of multi-tenancy in cloud computing."
2024,"Discuss the application of cloud computing in health sector."
2024,"State the category of IP hash method in load balancing."
2024,"How is Microsoft Azure different from other cloud provider?"
2024,"Differentiate the advantages and disadvantages of a distributed system with a centralized system."
2024,"Define cluster computing and its different types."
2025,"Differentiate between single-tenant and multi-tenant architecture in cloud environment."
2025,"What is hardware virtualization and how many types of hardware virtualization are there?"
2025,"What are the implications of cloud computing on the traditional IT infrastructure?"
2025,"What are the NIST characteristics of cloud computing?"
2025,"What are the characters existing in the cloud computing environment?"
2025,"What is Server Consolidation? Describe the architecture of server consolidation with suitable diagram."
2025,"What is the primary characteristic that differentiates cloud computing from traditional hosting?"
2025,"Differentiate between horizontal and vertical scaling."
2025,"Briefly explain the concept of a virtual machine in cloud computing."
2025,"What is the potential issue related to downtime in cloud services and how can it impact businesses?"
2025,"Discuss the importance of Auto-Scaling in Cloud Environment."
2025,"Explain the significance of SLA in ensuring service quality and accountability."
2025,"Differentiate between full virtualization and para-virtualization."
2025,"How does Mobile Cloud Computing improve resource utilization in mobile devices?"
2025,"List out the tools for cloud usage monitoring."
2025,"Compare Synchronous replication and Asynchronous replication."
2025,"If Full virtualization allows running unmodified Operating Systems, why isn't it always preferred over Para-virtualization?"
2025,"Discuss the various components of Sensor–Cloud Integration framework with appropriate diagram."
2025,"Compare Cloud Computing with Mobile Cloud Computing with respect to the following characteristics: 1.Service Consumers 2.Service Providers 3.Objectives"
2025,"List out the various security and privacy issues in CCE."
2025,"Discuss the importance of Third Party Auditor to ensure security in CCE, with the help of appropriate diagram."
2025,"Discuss the importance of VM lifecycle model in CCE."
2025,"Explain the role of Physical to Virtual Machine (P2V) conversion in VM lifecycle model with appropriate diagram."
2025,"Explain the components of P2V converter application in details."
2025,"Define Cloud Computing."
2025,"What is virtualization in cloud computing?"
2025,"Define Infrastructure as a Service (IaaS) with example."
2025,"What is Platform as a Service (PaaS)?Define Software as a Service (SaaS) with example."
2025,"What is a hypervisor?"
2025,"Define Virtual Machine (VM)."
2025,"What is multi-tenancy in cloud computing?What is cloud migration?"
2025,"Define elasticity in cloud computing."
2025,"What is scalability in cloud infrastructure?"
2025,"What is load balancing in cloud environments?"
2025,"Define auto-scaling in cloud computing."
2025,"What is server consolidation?"
2025,"Define cloud resource provisioning."
2025,"What is VM provisioning?"
2025,"Define distributed computing."
2025,"Define cluster computing."
2025,"What is parallel computing?"
2025,"What is hybrid cloud?"
2025,"What is private cloud?"
2025,"What is public cloud?"
2025,"What is community cloud?"
2025,"Define Service Level Agreement (SLA)."
2025,"What is cloud monitoring?"
2025,"Define synchronous replication."
2025,"Define asynchronous replication."
2025,"What is Xen hypervisor?"
2025,"What is mobile cloud computing?"
2025,"What is IP hash load balancing?"
2025,"Define VM lifecycle model."
2025,"What is physical to virtual (P2V) migration?"
2025,"What is cloud security auditing?"
2025,"Define Third Party Auditor in cloud computing."
2025,"What is cloud storage?"
2025,"What are cloud service providers?"
2025,"Define containerization in cloud computing."
2025,"What is resource pooling in cloud computing?"
2025,"Define cloud orchestration."
2025,"What is fault tolerance in cloud computing?"
2025,"Discuss the architecture of cloud computing with a neat diagram."
2025,"Explain the NIST reference architecture for cloud computing."
2025,"Discuss the major characteristics of cloud computing according to NIST."
2025,"Explain the advantages of virtualization in cloud computing."
2025,"Describe the different types of virtualization used in cloud environments."
2025,"Explain the architecture of a virtual machine with suitable diagram."
2025,"Discuss the advantages and disadvantages of cloud computing."
2025,"Explain the various deployment models of cloud computing in detail."
2025,"Discuss the differences between public cloud and private cloud models."
2025,"Explain the concept of hybrid cloud architecture."
2025,"Compare and contrast IaaS, PaaS, and SaaS models."
2025,"Discuss the role of virtualization in resource optimization in cloud computing."
2025,"Explain the concept of VM lifecycle management in cloud computing."
2025,"explain the process of virtual machine provisioning."
2025,"Explain the steps involved in migrating applications to the cloud."
2025,"Discuss the benefits of auto-scaling in cloud environments."
2025,"Explain the concept of load balancing and its types in cloud computing."
2025,"Discuss different scheduling algorithms used in cloud computing."
2025,"Explain the concept of task scheduling in cloud environments."
2025,"Discuss the challenges faced in cloud computing environments."
2025,"Explain the impact of multi-tenancy on cloud application performance."
2025,"Discuss the importance of service level agreements (SLA) in cloud computing."
2025,"Explain the role of Third Party Auditors in ensuring cloud security."
2025,"Discuss the security issues in cloud computing environments."
2025,"Explain the privacy challenges in cloud computing systems."
2025,"Discuss the concept of server consolidation using virtualization."
2025,"Explain the architecture of sensor-cloud integration framework."
2025,"Discuss the advantages of mobile cloud computing."
2025,"Explain how cloud computing supports e-governance systems."
2025,"Discuss the role of cloud computing in healthcare applications."
2025,"Explain the architecture of distributed computing systems."
2025,"Discuss the advantages of distributed computing over centralized systems."
2025,"Explain the concept of cluster computing with examples."
2025,"Compare distributed computing and cloud computing."
2025,"Discuss the architecture of AWS cloud services."
2025,"Explain the major features of Amazon EC2."
2025,"Discuss the infrastructure services provided by Microsoft Azure."
2025,"Compare AWS and Microsoft Azure cloud platforms."
2025,"Explain the process of resource allocation in cloud environments."
2025,"Discuss the importance of monitoring tools in cloud computing."
2025,"Explain the different types of cloud storage services."
2025,"Discuss the role of hypervisors in virtualization."
2025,"Compare full virtualization and para-virtualization."
2025,"Explain the advantages and limitations of para-virtualization."
2025,"Discuss the importance of scalability in cloud infrastructure."
2025,"Explain the role of replication in cloud data storage."
2025,"Compare synchronous and asynchronous replication techniques."
2025,"Discuss the importance of fault tolerance in cloud computing."
2025,"Explain the process of Physical to Virtual (P2V) conversion."
2025,"Discuss the architecture of P2V converter applications."
2025,"Explain how cloud computing improves IT infrastructure efficiency."
2025,"Discuss the challenges of implementing cloud computing in enterprises."
2025,"Explain the benefits of cloud computing for small businesses."
2025,"Discuss the role of cloud computing in big data analytics."
2025,"Explain the concept of edge computing and its relationship with cloud computing."
2025,"Discuss the importance of containerization in modern cloud platforms."
2025,"Explain the role of Kubernetes in cloud environments."
2025,"Discuss the future trends in cloud computing technologies."
2025,"Explain the importance of cloud security frameworks."
2025,"Discuss the impact of cloud computing on modern IT industry."
2025,"Compare synchronous and asynchronous replication techniques."
2025,"Discuss the importance of fault tolerance in cloud computing."
2025,"Explain the process of Physical to Virtual (P2V) conversion."
2025,"Discuss the architecture of P2V converter applications."
2025,"Explain how cloud computing improves IT infrastructure efficiency."
2025,"Discuss the challenges of implementing cloud computing in enterprises."
2025,"Explain the benefits of cloud computing for small businesses."
2025,"Discuss the role of cloud computing in big data analytics."
2025,"Explain the concept of edge computing and its relationship with cloud computing."
2025,"Discuss the importance of containerization in modern cloud platforms."
2025,"Explain the role of Kubernetes in cloud environments."
2025,"Discuss the future trends in cloud computing technologies."
2025,"Explain the importance of cloud security frameworks."
2025,"Discuss the impact of cloud computing on modern IT industry."
2025,"Discuss the security issues in cloud computing environments."
2025,"Explain the privacy challenges in cloud computing systems."
2025,"Discuss the concept of server consolidation using virtualization."
2025,"Explain the architecture of sensor-cloud integration framework."
2025,"Discuss the advantages of mobile cloud computing."
2025,"Explain how cloud computing supports e-governance systems."
2025,"Discuss the role of cloud computing in healthcare applications."
2025,"Explain the architecture of distributed computing systems."
2025,"Discuss the advantages of distributed computing over centralized systems."
2025,"Explain the concept of cluster computing with examples."
2025,"Compare distributed computing and cloud computing."
2025,"Discuss the architecture of AWS cloud services."
2025,"Explain the major features of Amazon EC2."
2025,"Discuss the infrastructure services provided by Microsoft Azure."
2025,"Compare AWS and Microsoft Azure cloud platforms."
2025,"Discuss the security issues in cloud computing environments."
2025,"Explain the privacy challenges in cloud computing systems."
2025,"Discuss the concept of server consolidation using virtualization."
2025,"Explain the architecture of sensor-cloud integration framework."
2025,"Discuss the advantages of mobile cloud computing."
2025,"Explain how cloud computing supports e-governance systems."
2025,"Discuss the role of cloud computing in healthcare applications."
2025,"Explain the architecture of distributed computing systems."
2025,"Discuss the advantages of distributed computing over centralized systems."
2025,"Explain the concept of cluster computing with examples."
2025,"Compare distributed computing and cloud computing."
2025,"Discuss the architecture of AWS cloud services."
2025,"Explain the major features of Amazon EC2."
2025,"Discuss the infrastructure services provided by Microsoft Azure."
2025,"Compare AWS and Microsoft Azure cloud platforms."
2025,"Explain the concept of resource pooling in cloud computing and discuss its advantages."
2025,"How does resource pooling improve efficiency in cloud environments?"
2025,"Discuss the role of resource pooling in multi-tenant cloud architecture."
2025,"Explain how resource pooling enables better resource utilization in cloud infrastructure."
2025,"Discuss the importance of resource pooling in Infrastructure as a Service (IaaS)."
2025,"Explain the concept of load balancing in cloud computing with suitable examples."
2025,"Discuss the advantages of load balancing in distributed cloud systems."
2025,"Explain the different types of load balancing techniques used in cloud environments."
2025,"How does load balancing improve performance and reliability in cloud infrastructure?"
2025,"Discuss the role of load balancing in handling high traffic in cloud applications."
2025,"Explain the concept of dynamic load balancing in cloud computing."
2025,"Discuss the difference between static and dynamic load balancing techniques."
2025,"Explain how load balancing contributes to fault tolerance in cloud computing."
2025,"Discuss the architecture of a load balancing system in cloud infrastructure."
2025,"Explain the role of load balancers in maintaining high availability in cloud systems."
2025,"Discuss the importance of scalability in cloud computing environments."
2025,"Explain how cloud computing supports elastic resource allocation."
2025,"Discuss the relationship between scalability and elasticity in cloud systems."
2025,"Explain how cloud computing improves resource utilization in large-scale applications."
2025,"Discuss the role of virtualization in enabling cloud resource management."
2025,"Explain how virtualization supports dynamic resource allocation in cloud computing."
2025,"Discuss the advantages of cloud-based load balancing over traditional load balancing."
2025,"Explain the role of monitoring tools in managing cloud resources effectively."
2025,"Discuss the challenges involved in resource management in cloud computing."
2025,"Explain the importance of automated scaling in modern cloud infrastructure."
2025,"Discuss the benefits of auto-scaling combined with load balancing in cloud environments."
2025,"Explain how cloud platforms ensure efficient resource distribution among users."
2025,"Discuss the impact of resource pooling on cost optimization in cloud services."
2025,"Explain the role of orchestration tools in managing cloud workloads."
2025,"Discuss the importance of traffic management in cloud-based applications."
2025,"Explain the concept of resource pooling in cloud computing."
2025,"Discuss the importance of resource pooling in multi-tenant cloud environments."
2025,"How does resource pooling help in efficient utilization of cloud resources?"
2025,"Explain how cloud service providers implement resource pooling."
2025,"Discuss the advantages of resource pooling in large scale cloud infrastructure."
2025,"Explain the role of virtualization in enabling resource pooling."
2025,"Discuss the relationship between resource pooling and elasticity in cloud computing."
2025,"Explain the concept of load balancing in cloud computing."
2025,"Discuss the benefits of load balancing in distributed cloud environments."
2025,"Explain the difference between static load balancing and dynamic load balancing."
2025,"Discuss the importance of load balancing for high availability in cloud systems."
2025,"Explain how load balancing improves performance in cloud applications."
2025,"Discuss the architecture of load balancing in cloud computing."
2025,"Explain how load balancing helps in managing high traffic in cloud systems."
2025,"Discuss different load balancing algorithms used in cloud environments."
2025,"Explain the role of DNS-based load balancing in cloud infrastructure."
2025,"Discuss the advantages of using load balancers in cloud data centers."
2025,"Explain the working principle of round robin load balancing algorithm."
2025,"Discuss the role of auto-scaling in maintaining performance in cloud environments."
2025,"Explain the relationship between load balancing and auto-scaling."
2025,"Discuss how load balancing contributes to fault tolerance in cloud computing."
2025,"Explain the importance of scalability in cloud computing infrastructure."
2025,"Discuss the role of elasticity in cloud resource management."
2025,"Explain how cloud computing enables dynamic resource allocation."
2025,"Discuss the advantages of scalable cloud infrastructure."
2025,"Explain the role of monitoring tools in managing cloud workloads."
2025,"Discuss the importance of cloud resource provisioning."
2025,"Explain the concept of cloud orchestration and its benefits."
2025,"Discuss the role of traffic management in cloud computing."
2025,"Explain how containerization improves resource utilization in cloud environments."
2025,"Discuss the role of Kubernetes in managing containerized cloud applications."
2025,"Explain the importance of distributed systems in cloud computing."
2025,"Discuss the benefits of distributed cloud architecture."
2025,"Explain the concept of edge computing and its relation to cloud computing."
2025,"Discuss the advantages of using edge computing with cloud systems."
2025,"Explain the importance of redundancy in cloud infrastructure."
2025,"Discuss the role of replication in ensuring data availability in cloud systems."
2025,"Explain the difference between synchronous and asynchronous replication in cloud storage."
2025,"Discuss how fault tolerance improves reliability in cloud computing."
2025,"Explain the concept of service orchestration in cloud platforms."
2025,"Discuss the challenges involved in resource management in cloud computing."
2025,"Explain how cloud computing supports big data processing."
2025,"Discuss the role of cloud computing in modern enterprise IT infrastructure."
2025,"Explain the benefits of cloud computing for startups and small businesses."
2025,"Discuss the role of artificial intelligence in optimizing cloud resources."
2025,"Explain the impact of cloud computing on digital transformation."
2025,"Discuss the importance of cloud security in multi-tenant environments."
2025,"Explain the role of encryption in protecting cloud data."
2025,"Discuss the challenges of privacy protection in cloud computing."
2025,"Explain the importance of compliance and governance in cloud environments."
2025,"Discuss the role of replication in ensuring data availability in cloud systems."
2025,"Explain the difference between synchronous and asynchronous replication in cloud storage."
2025,"Discuss how fault tolerance improves reliability in cloud computing."
2025,"Explain the concept of service orchestration in cloud platforms."
2025,"Discuss the challenges involved in resource management in cloud computing."
2025,"Explain how cloud computing supports big data processing."
2025,"Discuss the role of cloud computing in modern enterprise IT infrastructure."
2025,"Explain the benefits of cloud computing for startups and small businesses."
2025,"Discuss the role of artificial intelligence in optimizing cloud resources."
